﻿Département;Nom de l'aérodrome;Commune de l'aérodrome;Code IATA;Code OACI;Alt. en m;Nb de pistes;Remarques
1;Aérodrome d'Ambérieu;Château-Gaillard, Ambronay;;LFXA;251;3;Base aérienne 278 Militaire ouvert à la CAP
1;Aérodrome de Bellegarde - Vouvray (Valserhône);Valserhône;;LFHN;496;2;
1;Aérodrome de Bourg - Ceyzériat;Jasseron;;LFHS;261;2;
1;Secteur français de l'Aéroport international de Genève pour les vols intérieurs uniquement;Grand-Saconnex et Meyrin en Suisse;GVA;LSGG;420;2;Accès par Ferney-Voltaire et la route douanière
1;Aérodrome d'Oyonnax - Arbent;Arbent;;LFLK;535;2;Fermeture fin 2023
1;Aérodrome de Belley - Peyrieu;Peyrieu;;LFKY;225;1;usage restreint
1;Altiport de Corlier;Corlier;;LFJD;798;1;
1;Aérodrome de Pérouges - Meximieux;Pérouges;;LFHC;214;1;
2;Aérodrome de Laon - Chambry;Laon;;LFAF;78;2;
2;Aérodrome de Saint-Quentin - Roupy;Roupy;;LFOW;99;2;
2;Aérodrome de Château-Thierry - Belleau;Château-Thierry;XCY;LFFH;220;1;Code XCY inconnu dans la base IATA
2;Base aérienne de Saint-Simon - Clastres;Saint-Simon;;LFYT;;1;ancienne piste de secours de l’OTAN, abandonnée en 1967
2;Aérodrome de Soissons - Courmelles;Courmelles;;LFJS;158;1;
3;Aérodrome de Lurcy-Lévis;Lurcy-Lévis;;LFJU;228;2;usage restreint
3;Aérodrome de Moulins - Montbeugny;Toulon-sur-Allier;XMU;LFHY;279;3;Code XMU inconnu dans la base IATA
3;Aérodrome de Lapalisse - Périgny;Périgny;;LFHX;317;1;
3;Aérodrome de Montluçon - Domérat;Domérat;;LFLT;235;1;usage restreint
3;Aéroport de Vichy — Charmeil;Charmeil, Saint-Rémy-en-Rollat;VHY;LFLV;249;1;
4;Aérodrome de Barcelonnette - Saint-Pons;Saint-Pons;BAE;LFMR;1132;1;
4;Aérodrome de Château-Arnoux-Saint-Auban;Château-Arnoux-Saint-Auban;;LFMX;459;1;Ouvert à la CAP de jour. 5 minibandes bitumées
4;Aérodrome de Puimoisson;Puimoisson;;LFTP;771;2;usage restreint
4;Aérodrome de Sisteron-Thèze;Vaumeilh;;LFNS;542;1;
5;Aérodrome d'Aspres-sur-Buëch;Aspres-sur-Buëch;;LFNJ;831;2;
5;Aérodrome de Gap - Tallard;Tallard;GAT;LFNA;599;3;
5;Aérodrome de Mont-Dauphin - Saint-Crépin;Saint-Crépin;;LFNC;903;2;
5;Aérodrome de Serres - La Bâtie-Montsaléon;La Bâtie-Montsaléon;;LFTM;710;1;usage restreint
5;Altisurface de Saint-Étienne-en-Dévoluy;Saint-Étienne-en-Dévoluy;;LFNY;1 890;1;sur neige uniquement
6;Aéroport de Cannes - Mandelieu;Cannes;CEQ;LFMD;4;3;
6;Aéroport de Nice-Côte d'Azur;Nice;NCE;LFMN;3;2;
6;Héliport de Cannes - Quai du large;Cannes;;LFTL;3;;
7;Aérodrome d'Aubenas Ardèche méridionale;Lanas;OBS;LFHO;281;1;
7;Aérodrome de Langogne - Lespéron;Lespéron;;LFHL;1018;1;
7;Aérodrome de Ruoms;Ruoms;;LFHF;108;1;usage restreint
8;Aérodrome de Sedan - Douzy;Douzy;;LFSJ;156;2;
8;Aérodrome de Charleville-Mézières - Belval;Tournes, Belval;;LFQV;150;1;
8;Aérodrome de Rethel - Perthes;Sault-lès-Rethel;;LFAP;127;1;usage restreint
9;Aérodrome de Saint-Girons - Antichan;Lorp-Sentaraille;;LFCG;417;2;
9;Aérodrome de Pamiers - Les Pujols;Les Pujols, Verniolle;;LFDJ;340;1;
10;Aéroport de Troyes - Barberey;Barberey-Saint-Sulpice;QYR;LFQB;118;3;
10;Aérodrome de Brienne-le-Château;Saint-Christophe-Dodinicourt, Lassicourt;;LFFN;115;2;
10;Aérodrome de Romilly-sur-Seine;Romilly-sur-Seine;;LFQR;82;2;fermé le 1er août 2011
10;Aérodrome de Bar-sur-Seine;Bar-sur-Seine;;LFFR;285;1;usage restreint
10;Aérodrome de Juvancourt;Juvancourt;;LFQX;349;1;
11;Aéroport de Carcassonne Salvaza;Carcassonne;CCF;LFMK;131;2;
11;Aérodrome de Lézignan-Corbières;Lézignan-Corbières;;LFMZ;62;2;
11;Aérodrome de la Montagne Noire;Labécède-Lauragais;;LFMG;447;3;usage restreint
11;Aérodrome de Narbonne-Vinassan;Narbonne;;LFNN;3;1;usage restreint
11;Aérodrome de Castelnaudary - Villeneuve;Villeneuve-la-Comptal, Mas-Saintes-Puelles;;LFMW;169;1;
11;Base aérienne de Moussoulens;Moussoulens;;LF34;177;1;ancienne base militaire , désaffectée et remplacée par une ferme photovoltaïque
11;Aérodrome de Puivert;Puivert;;LFNW;490;1;usage restreint
12;Aéroport de Rodez-Aveyron;Salles-la-Source;RDZ;LFCR;582;2;ex Rodez-Marcillac (changement de nom par arrêté ministériel du 04/07/2013, NOR: DEVA1317171A, JORF 16/07/2013 [archive])
12;Aérodrome de Saint-Affrique - Belmont;Belmont-sur-Rance;;LFIF;514;2;usage restreint
12;Aérodrome de Cassagnes-Bégonhès;Cassagnes-Bégonhès;;LFIG;617;2;
12;Aérodrome de Millau-Larzac;L'Hospitalet-du-Larzac;;LFCM;794;1;
12;Aérodrome de Villefranche-de-Rouergue;Villefranche-de-Rouergue;;LFCV;336;1;
13;Aérodrome d'Aix - Les Milles;Aix-en-Provence;QXB;LFMA;111;1;
13;Aérodrome de Berre - La Fare;La Fare-les-Oliviers;;LFNR;32;2;usage restreint
13;Hydroaérodrome de Marignane - Berre;Berre-l'Étang;;LFTB;;0;
13;Aéroport Marseille Provence;Marignane;MRS;LFML;22;2;
13;Aérodrome du Mazet de Romanin;Saint-Rémy-de-Provence;;LFNZ;117;1;usage restreint
13;Aérodrome de Salon - Eyguières;Salon-de-Provence;;LFNE;74;2;
13;Aéroport d'Istres - Le Tubé;Istres;QIE;LFMI;24;1;Militaire
13;Base aérienne de Salon-de-Provence;Salon-de-Provence;;LFMY;60;1;
14;Aéroport de Caen - Carpiquet;Carpiquet;CFR;LFRK;78;2;
14;Aéroport de Deauville - Normandie;Saint-Gatien-des-Bois;DOL;LFRG;145;2;
14;Aérodrome de Falaise-Mont d'Eraines;Falaise;;LFAS;156;1;usage restreint
14;Aérodrome de Condé-sur-Noireau;Condé-sur-Noireau;;LFAN;254;;fermé en 1999
15;Aéroport d'Aurillac;Aurillac;AUR;LFLW;638;1;
15;Aérodrome de Saint-Flour - Coltines;Coltines;;LFHQ;981;1;
16;Base aérienne 709 Cognac-Châteaubernard;Châteaubernard;CNG;LFBG;31;3;militaire
16;Aéroport international Angoulême-Cognac;Champniers;ANG;LFBU;132;2;
16;Aérodrome de Chalais;Chalais;;LFIH;87;1;
17;Aérodrome de Jonzac - Neulles;Saint-Germain-de-Lusignan;;LFCJ;40;2;
17;Aérodrome de Marennes;Saint-Just-Luzac;;LFJI;9;1;usage restreint
17;Aérodrome de Pons - Avy;Avy;;LFCP;36;1;
17;Aéroport de Rochefort - Charente-Maritime;Saint-Agnant;RCO;LFDN;17;2;
17;Aérodrome de Rochefort - Soubise;Soubise;;LFXR;4;1;fermé, novembre 1999 (NOR: DEFB0 001 030 A)
17;Aéroport de La Rochelle - île de Ré;La Rochelle;LRH;LFBH;23;1;
17;Aérodrome de Royan - Médis;Médis;RYN;LFCY;22;2;
17;Aérodrome de Saintes - Thénac;Thénac;;LFXB;35;4;
17;Aérodrome de Saint-Jean-d'Angély - Saint-Denis-du-Pin;Saint-Jean-d'Angély;;LFIY;75;1;usage restreint
17;Aérodrome de Saint-Pierre-d'Oléron;Saint-Pierre-d'Oléron;;LFDP;7;2;
18;Aéroport de Bourges;Bourges;BOU;LFLD;161;2;
18;Aérodrome d'Aubigny-sur-Nère;Aubigny-sur-Nère;;LFEH;192;1;
18;Base aérienne d'Avord;Avord;;LFOA;176;1;militaire
18;Aérodrome de Châteauneuf-sur-Cher;Serruelles;;LFFU;168;1;
18;Aérodrome de Vierzon - Méreau;Méreau;;LFFV;131;1;usage restreint
19;Aérodrome de Brive-Laroche;Brive-la-Gaillarde;BVE;LFBV;116;1;fermé en 2010
19;Aéroport de Brive-Souillac;Nespouls;BVE;LFSL;310;2;
19;Aérodrome d'Égletons;Égletons;;LFDE;567;2;
19;Aérodrome d'Ussel - Thalamy;Saint-Exupéry-les-Roches;;LFCU;740;2;
2A;Aéroport d'Ajaccio Napoléon Bonaparte;Ajaccio;AJA;LFKJ;4;1;
2A;Aéroport de Figari Sud Corse;Figari;FSC;LFKF;26;1;
2A;Aérodrome de Propriano;Propriano;PRP;LFKO;3;1;
2B;Base aérienne de Solenzara;Ventiseri;SOZ;LFKS;;1;militaire
2B;Aéroport de Bastia Poretta;Bastia;BIA;LFKB;7;1;
2B;Aéroport de Calvi-Sainte-Catherine;Calvi;CLY;LFKC;63;1;
2B;Aérodrome de Corte;Corte;;LFKT;345;1;
2B;Aérodrome de Ghisonaccia Alzitone;Ghisonaccia;;LFKG;53;1;usage restreint
21;Aérodrome de Beaune - Challanges;Beaune;;LFGF;200;2;
21;Aérodrome de Cessey;Baigneux-les-Juifs;;LFSY;396;1;aérodrome privé
21;Aérodrome de Châtillon-sur-Seine;Châtillon-sur-Seine;;LFQH;276;1;
21;Aérodrome de Dijon - Darois;Darois;;LFGI;483;2;
21;Aéroport de Dijon-Bourgogne;Longvic;DIJ;LFSD;221;2;ancienne Base Aérienne 102 et OTAN fermée en 2016, ouvert à la CAP
21;Aérodrome de Nuits-Saint-Georges;Nuits-Saint-Georges;;LFGZ;243;1;
21;Aérodrome de Pouilly - Maconge;Maconge, Meilly-sur-Rouvres;;LFEP;431;1;
21;Aérodrome de Saulieu - Liernais;Liernais;;LFEW;522;1;
21;Aérodrome de Semur-en-Auxois;Semur-en-Auxois;;LFGQ;320;2;
21;Aérodrome de Til-Châtel;Til-Châtel;;LFET;286;2;
22;Aérodrome de Dinan - Trélivan;Trélivan;;LFEB;120;1;
22;Aéroport de Lannion;Lannion;LAI;LFRO;88;1;
22;Aéroport de Saint-Brieuc Armor;Trémuson;SBK;LFRT;137;1;
22;Aérodrome de Saint-Brieuc;Saint-Brieuc;SBK;LFAZ;;2;"civil en 1937 puis militaire en 1939, désaffecté depuis le 30 novembre 1985 ; doit être détruit en 2013"
23;Aéroport de Montluçon Guéret;Lépaud;MCU;LFBK;412;2;
23;Aérodrome de Guéret - Saint-Laurent;Saint-Laurent;;LFCE;368;1;
24;Aéroport Bergerac Dordogne Périgord;Bergerac;EGC;LFBE;52;2;Aéroport Bergerac - Roumanière
24;Aérodrome de Condat-sur-Vézère;Condat-sur-Vézère;;LFDZ;89;1;
24;Aéroport Périgueux-Bassillac;Bassillac;PGX;LFBX;99;2;
24;Aérodrome de Sarlat - Domme;Domme;;LFDS;298;2;
24;Aérodrome de Belvès - Saint-Pardoux;Belvès;;LFIB;241;1;usage restreint
24;Aérodrome de Ribérac - Saint-Aulaye;Ribérac;;LFIK;106;1;
24;Aérodrome de Sainte-Foy-la-Grande;Fougueyrolles;;LFDF;86;1;
25;Aérodrome de Besançon - La Vèze;La Vèze;QBQ;LFQM;387;1;
25;Aérodrome de Besançon - Thise;Thise;;LFSA;245;2;
25;Aérodrome de Montbéliard - Courcelles;Courcelles-lès-Montbéliard;XMF;LFSM;317;2;
25;Aérodrome de Pontarlier;Pontarlier;;LFSP;818;2;
25;Base aérienne du Valdahon;Valdahon;;LFXH;630;1;militaire
26;Aérodrome de Romans - Saint-Paul;Saint-Paul-lès-Romans;;LFHE;181;3;
26;Aéroport de Valence-Chabeuil;Chabeuil;VAF;LFLU;160;3;
26;Aérodrome de Pierrelatte;Pierrelatte;;LFHD;60;2;
26;Aérodrome de Saint-Rambert-d'Albon;Saint-Rambert-d'Albon;;LFLR;155;2;
26;Aérodrome d'Aubenasson;Aubenasson;;LFJF;246;1;usage restreint
26;Altiport de La Motte-Chalancon;La Motte-Chalancon;;LFJE;879;1;
26;Aérodrome de Montélimar - Ancône;Montélimar;;LFLQ;73;1;
26;Aérodrome de Saint-Jean-en-Royans;Saint-Jean-en-Royans;;LFKE;263;1;usage restreint
27;Aérodrome de Saint-André-de-l'Eure;Les Authieux;;LFFD;150;2;
27;Aérodrome de Bernay - Saint-Martin;Bernay;;LFPD;169;1;
27;Aérodrome d'Étrépagny;Étrépagny;;LFFY;94;1;usage restreint
27;Base aérienne 105 Évreux-Fauville;Évreux;EVX;LFOE;141;1;ancienne base aérienne de l’OTAN
28;Aérodrome de Bailleau-Armenonville;Bailleau-Armenonville;;LFFL;154;2;usage restreint
28;Aérodrome de Chartres;Champhol;QTJ;LFOR;155;2;"ancienne base 122 fermée en 1997; ouvert à la CAP"
28;Base aérienne 279 Châteaudun;Châteaudun;;LFOC;131;1;militaire
28;Aérodrome de Dreux - Vernouillet;Vernouillet;;LFON;135;1;
29;Aéroport de Morlaix Ploujean;Morlaix;MXN;LFRU;84;3;
29;Aéroport de Brest-Bretagne;Guipavas;BES;LFRB;99;2;
29;Aéroport de Quimper Cornouaille;Pluguffan;UIP;LFRQ;90;1;
29;Base d'aéronautique navale de Landivisiau;Landivisiau;LDV;LFRJ;106;1;militaire
29;Base d'aéronautique navale de Lanvéoc-Poulmic;Lanvéoc;;LFRL;87;1;
29;Aéroport d'Ouessant;Ouessant;;LFEC;42;1;
30;Aérodrome d'Avignon - Pujaut;Pujaut;;LFNT;45;3;usage restreint
30;Aérodrome d'Alès Cévennes;Deaux, Vézénobres;;LFMS;204;1;
30;Aérodrome de La Grand'Combe;La Grand-Combe;;LFTN;502;1;usage restreint
30;Aérodrome de Nîmes-Courbessac;Nîmes;;LFME;60;1;
30;Aéroport de Nîmes-Garons;Garons;FNI;LFTW;94;1;
30;Aérodrome d'Uzès;Uzès;;LFNU;270;1;usage restreint
31;Aérodrome de Bagnères-de-Luchon;Bagnères-de-Luchon;;LFCB;618;1;
31;Aérodrome de Cazères - Palaminy;Palaminy;;LFJH;249;1;usage restreint
31;Aéroport de Francazal;Cugnaux, Portet-sur-Garonne;;LFBF;163;1;militaire jusqu'en août 2010, avec un gestionnaire civil depuis le 3 janvier 2011.
31;Aérodrome de Muret - Lherm;Muret;;LFBR;189;3;
31;Aérodrome de Revel - Montgey;Revel;;LFIR;196;1;usage restreint
31;Aérodrome de Saint-Gaudens - Montréjeau;Clarac;;LFIM;402;1;
31;Aéroport Toulouse-Blagnac;Blagnac;TLS;LFBO;152;2;
31;Aérodrome de Toulouse - Bourg-Saint-Bernard;Bourg-Saint-Bernard;;LFIT;160;1;usage restreint
31;Aérodrome de Toulouse - Lasbordes;Balma;;LFCL;139;1;
31;Aéroport de Toulouse-Montaudran;Toulouse;XYT;LFIO;148;1;fermé le 1er janvier 2004
31;Aérodrome de Sabonnères;Sabonnères;;LF3126;320;1;aérodrome privé
32;Aérodrome d'Auch - Gers;Auch;;LFDH;125;2;
32;Aérodrome de Condom - Valence-sur-Baïse;Condom;;LFID;135;1;
32;Aérodrome de Nogaro;Nogaro;;LFCN;93;2;
33;Aérodrome d'Andernos-les-Bains;Andernos-les-Bains;;LFCD;20;1;
33;Aérodrome d'Arcachon - La Teste-de-Buch;La Teste-de-Buch;XAC;LFCH;16;2;
33;Aérodrome de Bordeaux - Léognan - Saucats;Léognan;;LFCS;59;2;
33;Aéroport de Bordeaux - Mérignac;Mérignac;BOD;LFBD;51;2;Base aérienne 106
33;Aérodrome de Bordeaux - Souge;Martignas-sur-Jalle;;LFDO;42;;militaire, désaffecté
33;Aérodrome de Bordeaux - Yvrac;Yvrac;;LFDY;74;1;usage restreint
33;Aérodrome de Libourne - Artigues-de-Lussac;Les Artigues-de-Lussac;;LFDI;48;2;
33;Base aérienne 120 Cazaux;La Teste-de-Buch;;LFBC;25;1;militaire
33;Aérodrome de La Réole - Floudès;Floudès;;LFDR;13;1;
33;Aérodrome de Lesparre - Saint-Laurent-Médoc;Saint-Laurent-Médoc;;LFDU;32;1;
33;Aérodrome de Montendre - Marcillac;Marcillac;;LFDC;44;1;
33;Aérodrome de Soulac-sur-Mer;Soulac-sur-Mer;;LFDK;3;1;
33;Aérodrome de Vendays-Montalivet;Vendays-Montalivet;;LFIV;5;1;usage restreint
34;Aéroport de Montpellier-Méditerranée;Pérols, Mauguio;MPL;LFMT;5;2;
34;Aérodrome de Bédarieux - La Tour-sur-Orb;La Tour-sur-Orb;;LFNX;380;1;usage restreint
34;Aéroport de Béziers-Cap d'Agde;Portiragnes, Vias;BZR;LFMU;17;1;
34;Aérodrome de Montpellier - Candillargues;Candillargues;;LFNG;2;1;
34;Aérodrome de Pézenas - Nizas;Nizas;;LFNP;98;1;fermé
34;Aérodrome de Saint-Martin-de-Londres;Saint-Martin-de-Londres;;LFNL;181;1;usage restreint
35;Aéroport de Dinard Pleurtuit Saint-Malo;Pleurtuit;DNR;LFRD;66;3;
35;Aéroport de Rennes - Saint-Jacques;Saint-Jacques-de-la-Lande;RNS;LFRN;37;3;
35;Aérodrome de Redon - Bains-sur-Oust;Bains-sur-Oust;;LFER;69;1;
35;Aérodrome de Grand-Fougeray - Saint-Sulpice-des-Landes;Saint-Sulpice-des-Landes;;LFSS;90;1;usage restreint réservé au vol à voile
35;Aérodrome de Saint-Malo - Saint-Servan;Saint-Malo;XSB;LFEO;;2;fermé
36;Aérodrome d'Issoudun - Le Fay;Saint-Aubin;;LFEK;162;3;
36;Aérodrome d'Argenton-sur-Creuse;Argenton-sur-Creuse;;LFEG;202;2;
36;Aérodrome du Blanc;Le Blanc;;LFEL;116;2;
36;Aérodrome de Châteauroux - Villers;Saint-Maur;;LFEJ;165;1;
36;Aéroport de Châteauroux - Déols;Déols;CHR;LFLX;161;1;ancienne base aérienne de l’OTAN
37;Aérodrome d'Amboise - Dierre;Dierre;;LFEF;54;2;
37;Aérodrome de Tours - Sorigny;Sorigny;;LFEN;91;2;
37;Aérodrome de Tours - Le Louroux;Le Louroux;;LFJT;126;1;usage restreint
37;Aéroport de Tours Val de Loire;Tours;TUF;LFOT;108;1;
38;Aéroport International de Grenoble-Isère;Saint-Étienne-de-Saint-Geoirs;GNB;LFLS;396;3;
38;Aérodrome de Grenoble - Le Versoud;Le Versoud;;LFLG;220;2;
38;Altiport de l'Alpe d'Huez;Huez;AHZ;LFHU;1859;1;usage restreint
38;Aérodrome de La Tour-du-Pin - Cessieu;Cessieu;;LFKP;320;1;
38;Aérodrome de Morestel;Morestel;;LFHI;245;1;
38;Aérodrome de Saint-Jean-d'Avelanne;Saint-Jean-d'Avelanne;;LFKH;295;1;usage restreint
38;Aérodrome de Vienne - Reventin;Reventin-Vaugris;;LFHH;219;1;
39;Aéroport de Dole-Jura;Tavaux;DLE;LFGJ;196;1;
39;Aérodrome d'Arbois;Arbois;;LFGD;266;1;fermé le 1er août 2011
39;Aérodrome de Champagnole - Crotenay;Crotenay;;LFGX;531;1;usage restreint
39;Aérodrome de Lons-le-Saunier - Courlaoux;Courlaoux;;LFGL;232;1;
39;Aérodrome de Saint-Claude - Pratz;Pratz;;LFKZ;625;1;fermé
40;Aérodrome des Grands Lacs;Biscarrosse;;LFBS;29;3;
40;Aérodrome d'Aire-sur-l'Adour;Aire-sur-l'Adour;;LFDA;78;2;
40;Aérodrome de Dax - Seyresse;Oeyreluy, Seyresse;XDA;LFBY;33;1;Militaire et civil
40;Aérodrome de Mimizan;Mimizan;;LFCZ;49;1;
40;Base aérienne 118 Mont-de-Marsan;Mont-de-Marsan;;LFBM;61;1;militaire
40;Aérodrome de Rion-des-Landes;Rion-des-Landes;;LFIL;78;1;usage restreint
41;Aérodrome de Blois - Le Breuil;Blois;;LFOQ;121;1;
41;Aérodrome de Romorantin-Pruniers;Pruniers-en-Sologne, Gièvres;;LFYR;88;2;
41;Aérodrome de Lamotte-Beuvron;Lamotte-Beuvron;;LFFM;125;1;fermé en 2007
42;Aéroport de Roanne-Renaison;Saint-Léger-sur-Roanne;RNE;LFLO;337;2;
42;Aérodrome de Feurs - Chambéon;Chambéon;;LFLZ;334;1;
42;Aérodrome de Saint-Chamond - L'Horme;L'Horme;;LFHG;398;1;
42;Aéroport de Saint-Étienne - Loire;Saint-Étienne;EBU;LFMH;403;1;
42;Aérodrome de Saint-Galmier;Saint-Galmier;;LFKM;385;1;usage restreint
43;Aérodrome de Brioude - Beaumont;Beaumont;;LFHR;453;2;
43;Aéroport du Puy - Loudes;Loudes;LPY;LFHP;832;2;
44;Aérodrome d'Ancenis;Ancenis;;LFFI;33;1;
44;Aérodrome de La Baule-Escoublac;La Baule-Escoublac;LBY;LFRE;32;1;
44;Aéroport Nantes Atlantique;Bouguenais;NTE;LFRS;27;1;
44;Aéroport de Saint-Nazaire - Montoir;Montoir-de-Bretagne;SNR;LFRZ;3;1;
45;Aérodrome de Montargis - Vimory;Vimory;;LFEM;94;3;
45;Aéroport d'Orléans - Saint-Denis-de-l'Hôtel;Saint-Denis-de-l'Hôtel;ORE;LFOZ;120;2;
45;Aérodrome de Briare - Châtillon;Briare;;LFEI;164;1;
45;Base aérienne d'Orléans - Bricy;Bricy;;LFOJ;125;1;militaire
45;Aérodrome de Pithiviers;Pithiviers;;LFFP;119;1;usage restreint
46;Aérodrome de Cahors - Lalbenque;Cieurac;ZAO;LFCC;278;2;
46;Aérodrome de Figeac-Livernon;Durbans;;LFCF;331;1;
47;Aérodrome de Marmande - Virazeil;Marmande;;LFDM;34;2;
47;Aéroport Agen-La Garenne;Agen;AGF;LFBA;62;1;
47;Aérodrome de Fumel - Montayral;Montayral;;LFDX;211;1;
47;Aérodrome de Villeneuve-sur-Lot;Villeneuve-sur-Lot;;LFCW;57;1;
48;Aérodrome de Florac - Sainte-Enimie;Hures-la-Parade;;LFNO;930;3;usage restreint
48;Aérodrome de Mende - Brenoux;Brenoux;MEN;LFNB;1024;1;
49;Angers Loire Aéroport;Marcé;ANE;LFJR;59;2;
49;Aérodrome de Cholet - Le Pontreau;Cholet;CET;LFOU;135;2;
49;Aérodrome de Saumur - Saint-Florent;Saumur;;LFOD;82;2;
49;Aérodrome de Châteaubriant - Pouancé;Pouancé;;LFTQ;98;1;
49;Aérodrome d'Angers - Avrillé;Avrillé;;LFRA;57;;désaffecté
50;Aérodrome d'Avranches - Le Val-Saint-Père;Le Val-Saint-Père;;LFRW;8;2;usage restreint
50;Aéroport de Cherbourg - Maupertus;Maupertus-sur-Mer, Gonneville;CER;LFRC;140;1;
50;Aéroport de Granville-Mont-Saint-Michel;Bréville-sur-Mer;GFR;LFRF;13;1;
50;Aérodrome de Lessay;Lessay;;LFOM;28;1;
50;Aérodrome de Vauville;Vauville;;LFAU;138;1;usage restreint
51;Aérodrome de Châlons - Écury-sur-Coole;Écury-sur-Coole;;LFQK;98;2;
51;Aérodrome d'Épernay - Plivot;Plivot;XEP;LFSW;89;2;Code XEP Inconnu dans la base IATA
51;Aérodrome de Reims - Prunay;Prunay;;LFQA;95;2;
51;Aérodrome de Sézanne - Saint-Remy;Saint-Remy-sous-Broyes;;LFFZ;108;2;
51;Aérodrome de Vitry-le-François - Vauclerc;Vauclerc;;LFSK;125;2;
51;Aéroport Châlons Vatry;Bussy-Lettrée;XCR;LFOK;178;1;
51;Base aérienne de Marigny-le-Grand;Marigny;;LFYM;100;1;désaffecté
51;Aérodrome de Mourmelon;Mourmelon-le-Grand;;LFXM;117;1;usage restreint
51;Base aérienne 112 Reims-Champagne;Reims;RHE;LFSR;95;1;désaffecté
52;Aérodrome de Chaumont - La Vendue;Chaumont;;LFSY;358;1;"fermé en 1997;code LFSY réutilisé par Cessey"
52;Aérodrome de Chaumont - Semoutiers;Semoutiers-Montsaon;;LFJA;305;1;ancienne base aérienne de l’OTAN, usage restreint
52;Aérodrome de Joinville - Mussey;Mussey-sur-Marne;;LFFJ;313;1;usage restreint
52;Aérodrome de Langres - Rolampont;Rolampont;;LFSU;419;1;
52;Base aérienne 113 Saint-Dizier-Robinson;Saint-Dizier;;LFSI;139;1;militaire
53;Aéroport de Laval - Entrammes;Entrammes;LVA;LFOV;100;2;
54;Aérodrome de Chambley;Chambley-Bussières;;LFJY;264;1;ancienne base aérienne de l’OTAN (LF5424)
54;Aérodrome de Doncourt-lès-Conflans;Doncourt-lès-Conflans;;LFGR;247;1;
54;Aérodrome de Longuyon - Villette;Villette;;LFGS;351;1;
54;Aérodrome de Lunéville - Croismare;Chanteheux, Croismare;;LFQC;241;2;
54;Aérodrome de Nancy - Azelot;Azelot;;LFEX;292;2;usage restreint
54;Aéroport de Nancy-Essey;Tomblaine, Essey-lès-Nancy;ENC;LFSN;228;2;
54;Aérodrome de Nancy - Malzéville;Malzéville;;LFEZ;380;3;usage restreint
54;Aérodrome de Pont-Saint-Vincent;Pont-Saint-Vincent;;LFSV;408;4;
54;Aérodrome de Villerupt;Villerupt;;LFAW;397;1;
54;Base aérienne 133 Nancy-Ochey;Ochey, Thuilley-aux-Groseilles;;LFSO;337;1;militaire
54;Base aérienne 136 Toul-Rosières;Rosières-en-Haye;;LFSL;285;;"ancienne base aérienne de l’OTAN désaffectée en 2004, centrale solaire;code LFSL réutilisé par Brive"
55;Aérodrome de Bar-le-Duc - Les Hauts-de-Chée;Les Hauts-de-Chée;;LFEU;274;1;
55;Aérodrome de Verdun - Sommedieue;Sommedieue;XVN;LFGW;377;2;Code XVN inconnu dans la base IATA. LFGW inconnu dans la base OACI
55;Base aérienne d'Étain-Rouvres;Étain;;LFQE;234;1;Militaire / Hélicoptères 3ème RHC
55;Base aérienne de Marville-Montmédy;Marville;;LFYK;277;1;Ancienne base de l'OTAN
56;Aéroport de Lorient Bretagne Sud;Plœmeur;LRT;LFRH;51;2;militaire et civil
56;Aéroport de Vannes - Meucon;Monterblanc;VNE;LFRV;135;2;
56;Base aérienne de Coëtquidan;Guer;;LFXQ;152;1;militaire
56;Aérodrome de Guiscriff - Scaër;Guiscriff;;LFES;174;1;
56;Aérodrome de Belle-Île;Bangor;;LFEA;54;1;
56;Aérodrome de Ploërmel - Loyat;Loyat;;LFRP;71;1;
56;Aérodrome de Pontivy;Pontivy;;LFED;124;1;
56;Aérodrome de Quiberon;Quiberon;;LFEQ;11;1;
57;Aérodrome de Dieuze - Guéblange;Guéblange-lès-Dieuze;;LFQZ;218;1;usage restreint
57;Aérodrome de Sarrebourg - Buhl;Buhl-Lorraine;;LFGT;266;2;
57;Aérodrome de Sarreguemines - Neunkirch;Frauenberg;;LFGU;263;2;
57;Aérodrome de Thionville - Yutz;Yutz;;LFGV;157;2;fermé le 1er août 2011
57;Camp militaire de Bitche;Bitche;;LFXG;300;1;militaire
57;Base aérienne 128 Metz-Frescaty;Augny, Marly;MZM;LFSF;191;1;désaffecté
57;Aéroport de Metz-Nancy-Lorraine;Goin, Pagny-lès-Goin, Vigny, Liéhon et Silly-en-Saulnois;ETZ;LFJL;265;1;
57;Base aérienne de Phalsbourg-Bourscheid;Bourscheid;;LFQP;309;1;militaire
58;Aéroport de Nevers-Fourchambault;Marzy;NVS;LFQG;183;2;
58;Aérodrome de Clamecy;Clamecy;;LFJC;217;1;
58;Aérodrome de Cosne-sur-Loire;Cosne-Cours-sur-Loire;;LFGH;176;1;
59;Aérodrome de Cambrai-Niergnies;Niergnies;;LFYG;95;2;ancienne piste de secours de l’OTAN
59;Aérodrome de Dunkerque - Les Moëres;Les Moëres;XDK;LFAK;-1;1;Ouvert à la circulation aérienne publique le 04/11/2013, précédemment usage restreint (arrêté 04/11/2013 NOR: DEVA1326681A - JORF 14/11/2013) [archive]. Code XDK inconnu dans la base IATA
59;Aéroport de Lille - Lesquin;Lesquin;LIL;LFQQ;47;2;
59;Aérodrome de Lille - Marcq-en-Barœul;Bondues;;LFQO;21;4;
59;Aérodrome de Maubeuge - Élesmes;Vieux-Reng, Élesmes;;LFQJ;138;3;
59;Aéroport de Merville - Calonne;Lestrem, Calonne-sur-la-Lys, Merville;HZB;LFQT;19;2;
59;Aérodrome de Valenciennes - Denain;Prouvy, Rouvignies;XVS;LFAV;50;3;Aéroport Charles Nungesser
59;Base aérienne de Cambrai-Épinoy;Épinoy (62), Haynecourt (59);;LFQI;78;1;militaire
60;Aéroport de Beauvais-Tillé;Tillé;BVA;LFOB;109;3;
60;Aérodrome du Plessis-Belleville;Le Plessis-Belleville;;LFPP;118;2;
60;Aérodrome de Compiègne - Margny;Compiègne;;LFAD;96;1;terrain militaire désaffecté depuis l'été 2007, usage civil
60;Base aérienne 110 Creil;Creil;CSF;LFPC;88;1;militaire
61;Aérodrome de L'Aigle - Saint-Michel;Saint-Sulpice-sur-Risle;;LFOL;240;1;
61;Aérodrome d'Alençon - Valframbert;Cerisé, Valframbert;;LFOF;145;2;
61;Aérodrome d'Argentan;Argentan;;LFAJ;177;1;
61;Aérodrome de Bagnoles-de-l'Orne - Couterne;Couterne;;LFAO;218;1;
61;Aérodrome de Flers - Saint-Paul;La Lande-Patry;;LFOG;202;1;
61;Aérodrome de Mortagne-au-Perche;Saint-Langis-lès-Mortagne;;LFAX;270;1;
62;Aérodrome d'Arras - Roclincourt;Roclincourt;QRV;LFQD;103;1;
62;Aérodrome de Berck-sur-Mer;Berck;;LFAM;9;2;
62;Aéroport de Calais - Dunkerque;Marck;CQF;LFAC;3;2;
62;Aérodrome de Lens - Bénifontaine;Bénifontaine;;LFQL;52;2;
62;Aérodrome de Saint-Omer - Wizernes;Wizernes;;LFQN;75;2;
62;Aérodrome de Saint-Inglevert - Les deux Caps;Saint-Inglevert;;LFIS;135;1;
62;Aéroport du Touquet-Côte d'Opale;Le Touquet-Paris-Plage;LTQ;LFAT;10;1;Nom commercial Aéroport du Touquet-Côte-d'Opale
62;Aérodrome de Vitry-en-Artois;Vitry-en-Artois;;LFQS;53;2;
63;Aéroport de Clermont-Ferrand Auvergne;Aulnat;CFE;LFLC;332;3;
63;Aérodrome d'Issoire - Le Broc;Le Broc;;LFHA;378;2;
63;Aérodrome d'Ambert - Le Poyet;Ambert;;LFHT;562;1;
64;Aéroport de Biarritz Pays Basque;Biarritz, Anglet;BIQ;LFBZ;74;1;Anciennement dénommé aéroport de Biarritz-Anglet-Bayonne
64;Aérodrome d'Itxassou (eu);Itxassou;;LFIX;185;1;usage restreint
64;Aérodrome de Lasclaveries;Lasclaveries;;LFJV;257;1;usage restreint
64;Aérodrome d'Oloron - Herrère;Herrère;;LFCO;300;2;
64;Aéroport de Pau-Pyrénées;Uzein;PUF;LFBP;187;1;
65;Aérodrome de Tarbes - Laloubère;Laloubère;;LFDT;327;2;
65;Aérodrome de Castelnau-Magnoac;Castelnau-Magnoac;;LFDQ;299;1;usage restreint
65;Altiport de Peyresourde-Balestas;Peyresourde;;LFIP;1581;1;usage restreint
65;Aéroport de Tarbes-Lourdes-Pyrénées;Ossun;LDE;LFBT;384;1;
66;Aéroport de Perpignan-Rivesaltes;Perpignan;PGF;LFMP;43;2;
66;Aérodrome de Mont-Louis La Quillane;La Llagonne;;LFNQ;1709;1;usage restreint
66;Aérodrome de Sainte-Léocadie;Sainte-Léocadie;;LFYS;1320;1;usage restreint
67;Aérodrome de Haguenau;Haguenau;;LFSH;149;2;
67;Aérodrome de Sarre-Union;Sarre-Union;;LFQU;256;2;usage restreint
67;Aérodrome de Strasbourg-Neuhof;Strasbourg;;LFGC;139;2;
67;Aérodrome de Saverne-Steinbourg;Steinbourg;;LFQY;190;1;usage restreint
67;Aéroport de Strasbourg-Entzheim;Entzheim;SXB;LFST;153;1;
68;Aérodrome de Mulhouse - Habsheim;Habsheim, Rixheim;;LFGB;240;4;
68;Aéroport de Bâle-Mulhouse-Fribourg (EuroAirPort);Saint-Louis, Blotzheim;BSL;LFSB;269;3;Seul aéroport binational au monde (Suisse/France)
68;Aéroport de Colmar - Houssen;Colmar;CMR;LFGA;192;2;
68;Base aérienne 132 Colmar-Meyenheim;Meyenheim;;LFSC;211;1;Militaire / Déclassée
69;Aéroport de Lyon-Saint-Exupéry;Colombier-Saugnieu;LYS;LFLL;250;2;
69;Aérodrome de Lyon - Corbas;Corbas;;LFHJ;198;2;usage restreint
69;Aérodrome de Villefranche - Tarare;Frontenas;;LFHV;327;2;
69;Aérodrome de Belleville - Villié-Morgon;Saint-Jean-d'Ardières;;LFHW;214;1;usage restreint
69;Aéroport de Lyon-Bron;Chassieu et Saint-Priest;LYN;LFLY;200;1;
69;Aérodrome de Lyon - Brindas;Brindas;;LFKL;316;1;usage restreint
70;Aéroport de Broyes-lès-Pesmes;Broye-Aubigney-Montseugny;;LFYH;207;1;désaffecté
70;Aérodrome de Gray - Saint-Adrien;Gray;;LFEV;206;2;
70;Aérodrome de Lure - Malbouhans;Malbouhans;;LFYL;317;1;fermé
70;Aérodrome de Vesoul - Frotey;Frotey-lès-Vesoul;;LFQW;380;1;
70;Base aérienne 116 Luxeuil-Saint Sauveur;Luxeuil-les-Bains;;LFSX;278;2;militaire
71;Aérodrome d'Autun-Bellevue;Autun;;LFQF;305;2;
71;Aéroport de Chalon - Champforgeuil;Champforgeuil;XCD;LFLH;189;2;
71;Aéroport de Saint-Yan;Saint-Yan;SYT;LFLN;242;2;
71;Aérodrome de Mâcon - Charnay;Charnay-lès-Mâcon;;LFLM;222;1;
71;Aérodrome de Montceau-les-Mines - Pouilloux;Pouilloux;;LFGM;314;1;
71;Aérodrome de Paray-le-Monial;Paray-le-Monial;;LFGN;305;1;
71;Aérodrome de Tournus - Cuisery;Cuisery;;LFFX;210;1;usage restreint
72;Aéroport Le Mans-Arnage;Arnage;LME;LFRM;59;2;
72;Aérodrome de La Flèche - Thorée-les-Pins;La Flèche, Thorée-les-Pins;;LFAL;36;1;usage restreint
73;Aérodrome de Chambéry - Challes-les-Eaux;Challes-les-Eaux, Barby;;LFLE;297;2;
73;Aéroport de Chambéry - Savoie;Bourget-du-Lac, La Motte-Servolex, Voglans et Viviers-du-Lac;CMF;LFLB;237;2;
73;Aérodrome d'Albertville;Albertville;;LFKA;314;1;usage restreint
73;Altiport de Méribel;Les Allues;MFX;LFKX;1717;1;usage restreint
73;Altiport de Courchevel;Saint-Bon-Tarentaise;CVF;LFLJ;2005;1;usage restreint
73;Aérodrome de Sollières-Sardières;Sollières-Sardières;;LFKD;1296;1;usage restreint
73;Aérodrome de Saint-Rémy-de-Maurienne;Saint-Rémy-de-Maurienne;;LFKR;414;1;usage restreint
74;Aéroport d'Annecy Haute-Savoie Mont-Blanc;Meythet;NCY;LFLP;462;2;
74;Aérodrome d'Annemasse;Annemasse, Ville-La-Grand, Vétraz-Monthoux, Cranves-Sales;QNJ;LFLI;492;1;
74;Altiport de Megève;Megève;MVV;LFHM;1470;1;usage restreint
74;Aérodrome de Sallanches Mont-Blanc;Sallanches;;LFHZ;534;1;désaffecté
75;Héliport de Paris - Issy-les-Moulineaux;Paris;JDP;LFPI;;;héliport
76;Aérodrome de Dieppe - Saint-Aubin;Saint-Aubin-sur-Scie;DPE;LFAB;105;2;
76;Aérodrome du Havre - Saint-Romain-de-Colbosc;Gommerville;;LFOY;129;2;
76;Aéroport Rouen Vallée de Seine;Boos;URO;LFOP;156;2;
76;Aérodrome d'Eu - Mers - Le Tréport;Eu;;LFAE;99;1;usage restreint
76;Aéroport du Havre-Octeville;Le Havre, Octeville-sur-Mer;LEH;LFOH;95;1;
76;Aérodrome de Saint-Valery - Vittefleur;Saint-Sylvain, Saint-Riquier-ès-Plains, Vittefleur;;LFOS;82;1;
77;Aérodrome de Coulommiers - Voisins;Coulommiers;;LFPK;143;3;
77;Aérodrome de Chelles - Le Pin;Chelles;;LFPH;63;2;
77;Aérodrome de Fontenay-Trésigny;Fontenay-Trésigny;;LFPQ;113;2;
77;Aérodrome de La Ferté-Gaucher;La Ferté-Gaucher;;LFFG;163;1;usage restreint
77;Aérodrome de Lognes-Émerainville;Lognes;XLG;LFPL;108;2;Code XLG Inconnu dans la base IATA
77;Aérodrome de Meaux - Esbly;Isles-lès-Villenoy;;LFPE;67;4;
77;Aérodrome de Melun-Villaroche;Montereau-sur-le-Jard, Réau;;LFPM;92;2;
77;Aérodrome de Moret - Épisy;Épisy;;LFPU;77;1;
77;Aérodrome de Nangis Les Loges;Nangis;;LFAI;130;2;
78;Aérodrome de Beynes - Thiverval;Thiverval-Grignon;;LFPF;113;1;usage restreint
78;Aérodrome de Chavenay - Villepreux;Chavenay;;LFPX;129;2;
78;Aérodrome de Guyancourt;Guyancourt;;LFPR;165;1;fermé le 1er octobre 1989
78;Aérodrome des Mureaux;Les Mureaux, Verneuil-sur-Seine;;LFXU;28;1;
78;Aérodrome de Saint-Cyr-l'École;Saint-Cyr-l'École;;LFPZ;113;2;
78;Aéroport de Toussus-le-Noble;Toussus-le-Noble;TNF;LFPN;163;2;
78;Base aérienne de Vélizy-Villacoublay;Vélizy-Villacoublay;;LFPV;178;1;militaire
79;Aérodrome de Mauléon;Mauléon;;LFJB;175;1;
79;Aérodrome de Niort - Marais Poitevin;Niort;NIT;LFBN;61;2;ex Niort-Souché (changement de dénomination par arrêté ministériel du 30/05/2013 [archive])
79;Aérodrome de Thouars;Thouars;;LFCT;103;1;
80;Aérodrome d'Abbeville;Abbeville;;LFOI;67;3;
80;Aéroport d'Amiens - Glisy;Amiens;QAM;LFAY;63;2;
80;Aérodrome d'Albert - Bray;Albert;BYF;LFAQ;110;1;
80;Aérodrome de Montdidier;Montdidier;;LFAR;109;1;usage restreint
80;Aérodrome d'Estrées-Mons;Péronne;;LFAG;89;1;ancienne base aérienne de l’OTAN
81;Aérodrome de Graulhet - Montdragon;Graulhet;;LFCQ;178;3;
81;Aérodrome d'Albi - Le Séquestre;Le Séquestre;LBI;LFCI;172;1;
81;Aéroport de Castres-Mazamet;Castres;DCM;LFCK;239;1;
81;Aérodrome de Gaillac - Lisle-sur-Tarn;Gaillac;;LFDG;135;1;
82;Aérodrome de Castelsarrasin - Moissac;Castelsarrasin;;LFCX;74;2;
82;Aérodrome de Montauban;Montauban;;LFDB;106;1;Militaire et civile
83;Aéroport du Castellet;Le Castellet;CTT;LFMQ;423;1;
83;Aérodrome de Cuers - Pierrefeu;Cuers, Pierrefeu-du-Var;;LFTF;81;1;bâtiments militaires et civils sur Cuers, piste militaire et civile sur Pierrefeu-du-Var.
83;Aérodrome de Fayence - Tourrettes;Fayence;;LFMF;225;3;
83;Aérodrome de Fréjus (en);Fréjus;;LFTU;;1;fermé
83;Aérodrome du Luc - Le Cannet;Le Cannet-des-Maures;;LFMC;80;2;
83;Aéroport de La Môle - Saint-Tropez;La Môle;LTT;LFTZ;17;1;usage restreint
83;Aéroport de Toulon-Hyères;Hyères;TLN;LFTH;4;2;militaire et civil
83;Aérodrome de Vinon;Vinon-sur-Verdon;;LFNF;274;3;
84;Aéroport d'Avignon - Caumont;Avignon;AVN;LFMV;37;3;
84;Aérodrome d'Orange Plan de Dieu;Orange;;LF51;95;2;
84;Aérodrome de Carpentras;Carpentras;;LFNH;120;2;
84;Base aérienne d'Orange Caritat;Orange;XOG;LFMO;60;1;militaire
84;Aérodrome de Pont-Saint-Esprit;Pont-Saint-Esprit;;LFND;43;1;fermé en 2011
84;Base Aérienne de Saint-Christol;Saint-Christol;;LFXI;833;1;désaffecté
84;Aérodrome de Valréas - Visan;Visan;;LFNV;143;1;
85;Aérodrome de Beauvoir - Fromentine;Beauvoir-sur-Mer;;LF8561;3;1;ouvert à la CAP (LFFO) du 6 juillet 1994 au 8 juin 2010
85;Aérodrome de Fontenay-le-Comte;Fontenay-le-Comte;;LFFK;25;1;
85;Aérodrome de L'Île-d'Yeu;L'Île-d'Yeu;IDY;LFEY;24;2;
85;Aérodrome de Montaigu - Saint-Georges;Saint-Georges-de-Montaigu;;LFFW;56;2;
85;Aérodrome de La Roche-sur-Yon - Les Ajoncs;La Roche-sur-Yon;EDM;LFRI;91;2;
85;Aérodrome des Sables-d'Olonne - Talmont;Les Sables-d'Olonne;LSO;LFOO;32;2;
86;Aérodrome de Châtellerault - Targé;Châtellerault;;LFCA;63;1;
86;Aérodrome de Chauvigny;Chauvigny;;LFDW;134;1;
86;Aérodrome de Couhé - Vérac;Brux;;LFDV;152;2;
86;Aérodrome de Loudun;Loudun;;LFDL;96;1;
86;Aéroport de Poitiers-Biard;Biard;PIS;LFBI;128;3;
87;Aéroport de Limoges-Bellegarde;Limoges;LIG;LFBL;396;2;
87;Aérodrome de Saint-Junien;Saint-Junien;;LFBJ;274;1;
88;Base aérienne de Damblain;Damblain;;LFYD;390;1;ancienne base aérienne de l’OTAN
88;Aérodrome d'Épinal - Dogneville;Dogneville;;LFSE;317;1;
88;Aéroport d'Épinal-Mirecourt;Juvaincourt;EPL;LFSG;330;1;
88;Aérodrome de Neufchâteau;Neufchâteau;;LFFT;374;1;ex Neufchâteau-Rouceux
88;Aérodrome de Saint-Dié - Remomeix;Remomeix;;LFGY;361;1;
88;Aérodrome de Vittel - Champ de courses;Vittel;VTL;LFSZ;327;1;désaffecté en octobre 2004
89;Aérodrome de Saint-Florentin - Chéu;Jaulges, Chéu;;LFGP;108;3;
89;Aérodrome de Joigny;Joigny;;LFGK;223;2;
89;Aérodrome de Pont-sur-Yonne;Pont-sur-Yonne;;LFGO;70;2;
89;Aéroport d'Auxerre - Branches;Branches, Charbuy, Appoigny;AUF;LFLA;159;1;
89;Aérodrome d'Avallon;Avallon;;LFGE;239;1;
90;Aérodrome de Belfort - Chaux;Chaux;;LFGG;417;2;
90;Aérodrome de Belfort - Fontaine;Fontaine (Territoire de Belfort);BOR;LFSQ;;;désaffecté
91;Aérodrome de Buno-Bonnevaux;Buno-Bonnevaux;;LFFB;127;2;usage restreint
91;Aérodrome d'Étampes - Mondésir;Guillerval;;LFOX;151;2;
91;Base aérienne 217 Brétigny-sur-Orge;Brétigny-sur-Orge;;LFPY;82;1;militaire
91;Aérodrome de La Ferté-Alais;La Ferté-Alais;;LFFQ;138;1;usage restreint
93, 95;Aéroport Paris-Le Bourget;Le Bourget...;LBG;LFPB;66;3;
91, 94;Aéroport Paris-Orly;Paray-Vieille-Poste, Orly...;ORY;LFPO;88;3;
77, 93, 95;Aéroport Paris-Charles-de-Gaulle;Roissy, Tremblay, Mitry;CDG;LFPG;119;4;héliport, zone Armée de l'Air
95;Aérodrome de Persan - Beaumont;Bernes-sur-Oise, Bruyères-sur-Oise;;LFPA;45;3;
95;Aérodrome d'Enghien - Moisselles;Moisselles;;LFFE;102;2;usage restreint
95;Aérodrome de Mantes - Chérence;Chérence;;LFFC;156;2;usage restreint
95;Aéroport de Pontoise - Cormeilles-en-Vexin;Cormeilles-en-Vexin;POX;LFPT;99;2;